logreg,random forests,neural network
0.46110183639399,0.35358931552587647,0.38263772954924874
0.6106844741235392,0.4420701168614357,0.5669449081803005
0.4801335559265442,0.410016694490818,0.41669449081803006
0.6554257095158598,0.47545909849749585,0.5706176961602671
0.6881469115191987,0.5318864774624374,0.5939899833055092
